<pos_static_blocks>
<!-- static block configuration -->
	<block>
		<id_posstaticblock>1</id_posstaticblock>
		<identify>staticblocks_nav</identify>
		<hook_position>displayNav</hook_position>
		<name_module></name_module>
		<hook_module>0</hook_module>
		<posorder>0</posorder>
		<insert_module>0</insert_module>
		<active>0</active>
		<showhook>1</showhook>
	</block>
	<block>
		<id_posstaticblock>2</id_posstaticblock>
		<identify>staticblock1_home3</identify>
		<hook_position>displayTopColumn</hook_position>
		<name_module></name_module>
		<hook_module>0</hook_module>
		<posorder>0</posorder>
		<insert_module>0</insert_module>
		<active>0</active>
		<showhook>1</showhook>
	</block>
	<block>
		<id_posstaticblock>3</id_posstaticblock>
		<identify>staticblock2_home3</identify>
		<hook_position>displayBlockPosition1</hook_position>
		<name_module></name_module>
		<hook_module>0</hook_module>
		<posorder>0</posorder>
		<insert_module>0</insert_module>
		<active>0</active>
		<showhook>1</showhook>
	</block>
	<block>
		<id_posstaticblock>4</id_posstaticblock>
		<identify>staticblock3_home3</identify>
		<hook_position>displayBlockPosition2</hook_position>
		<name_module></name_module>
		<hook_module>0</hook_module>
		<posorder>0</posorder>
		<insert_module>0</insert_module>
		<active>0</active>
		<showhook>1</showhook>
	</block>
	
<!-- block lang configuration -->
	<block_lang>
		<id_posstaticblock>1</id_posstaticblock>
		<id_lang>1</id_lang>
		<title>Staticblocks Nav</title>
		<description>
			 <![CDATA[
				<div class="box-tags">
				<p class="t1">Ordered before 17:30, shipped today - Support: (012) 800 456 789</p>
				<p class="t2">Track Your Order</p>
				</div>
			 ]]>
		</description>
	</block_lang>
	<block_lang>
		<id_posstaticblock>2</id_posstaticblock>
		<id_lang>1</id_lang>
		<title>Staticblock1 Home3</title>
		<description>
			 <![CDATA[
				<div class="static1_home3">
				<div class="container">
				<div class="row">
				<div class="box1 col col-lg-4 col-md-4 col-xs-12">
				<div class="banner-box"><a href="#"> <img src="/pos_boxstore/img/cms/img1_home3.jpg" alt="" class="img-responsive" /></a></div>
				</div>
				<div class="col col-lg-4 col-md-4 col-xs-12 box2">
				<div class="banner-box"><a href="#"> <img src="/pos_boxstore/img/cms/img2_home3.jpg" alt="" class="img-responsive" /></a></div>
				</div>
				<div class="col col-lg-4 col-md-4 col-xs-12 box3">
				<div class="banner-box"><a href="#"> <img src="/pos_boxstore/img/cms/img3_home3.jpg" alt="" class="img-responsive" /></a></div>
				</div>
				</div>
				</div>
				</div>
			 ]]>
		</description>
	</block_lang>
	<block_lang>
		<id_posstaticblock>3</id_posstaticblock>
		<id_lang>1</id_lang>
		<title>Staticblock2 Home3</title>
		<description>
			 <![CDATA[
				<div class="static2_home3">
				<div class="banner-box"><a href="#"><img src="/pos_boxstore/img/cms/img4_home3.jpg" alt="" class="img-responsive" /></a></div>
				</div>
			 ]]>
		</description>
	</block_lang>
	<block_lang>
		<id_posstaticblock>4</id_posstaticblock>
		<id_lang>1</id_lang>
		<title>Staticblock3 Home3</title>
		<description>
			 <![CDATA[
				<div class="static3_home3">
				<div class="img-box"><a href="#"><img src="/pos_boxstore/img/cms/img7_home3.jpg" alt="" class="img-responsive" /></a></div>
				</div>
			 ]]>
		</description>
	</block_lang>
	
<!-- block shop configuration -->
	<block_shop>
		<id_posstaticblock>1</id_posstaticblock>
		<id_shop>1</id_shop>
	</block_shop>
	<block_shop>
		<id_posstaticblock>2</id_posstaticblock>
		<id_shop>1</id_shop>
	</block_shop>
	<block_shop>
		<id_posstaticblock>3</id_posstaticblock>
		<id_shop>1</id_shop>
	</block_shop>
	<block_shop>
		<id_posstaticblock>4</id_posstaticblock>
		<id_shop>1</id_shop>
	</block_shop>
</pos_static_blocks>